{
  "model": "DenseNet121",
  "method": "transfer_learning_and_fine_tuning",
  "augmentation_type": "geometric",
  "test_loss": 0.10646116733551025,
  "test_accuracy": 0.9661728143692017,
  "feature_validation_loss": 0.18694651126861572,
  "feature_validation_accuracy": 0.9427160620689392,
  "best_feature_val_accuracy": 0.9427160620689392,
  "best_finetune_val_accuracy": 0.9585185050964355,
  "feature_epochs_ran": 14,
  "fine_tune_epochs_ran": 10,
  "feature_training_time_seconds": 1805.1979353427887,
  "fine_tuning_time_seconds": 1338.685558795929,
  "total_training_time_seconds": 3143.8834941387177,
  "total_params": 7047754,
  "trainable_params_after_finetuning": 1071114,
  "fine_tune_trainable_layers": 36,
  "num_classes": 10,
  "class_names": [
    "AnnualCrop",
    "Forest",
    "HerbaceousVegetation",
    "Highway",
    "Industrial",
    "Pasture",
    "PermanentCrop",
    "Residential",
    "River",
    "SeaLake"
  ],
  "dataset_sizes": {
    "train": 18900,
    "valid": 4050,
    "test": 4050
  },
  "accuracy": 0.9661728395061728,
  "balanced_accuracy": 0.9650222222222222,
  "macro_precision": 0.9650220752888774,
  "macro_recall": 0.9650222222222222,
  "macro_f1": 0.9649512629633895,
  "weighted_precision": 0.9663259924433527,
  "weighted_recall": 0.9661728395061728,
  "weighted_f1": 0.9661804444918124
}