{
  "model": "InceptionV3",
  "method": "transfer_learning_and_fine_tuning",
  "augmentation_type": "geometric",
  "test_loss": 0.12597931921482086,
  "test_accuracy": 0.9609876275062561,
  "feature_validation_loss": 0.24431253969669342,
  "feature_validation_accuracy": 0.9207407236099243,
  "best_feature_val_accuracy": 0.9207407236099243,
  "best_finetune_val_accuracy": 0.9565432071685791,
  "feature_epochs_ran": 15,
  "fine_tune_epochs_ran": 10,
  "feature_training_time_seconds": 1252.5319442749023,
  "fine_tuning_time_seconds": 1104.5023465156555,
  "total_training_time_seconds": 2357.034290790558,
  "total_params": 21823274,
  "trainable_params_after_finetuning": 10555402,
  "fine_tune_trainable_layers": 43,
  "num_classes": 10,
  "class_names": [
    "AnnualCrop",
    "Forest",
    "HerbaceousVegetation",
    "Highway",
    "Industrial",
    "Pasture",
    "PermanentCrop",
    "Residential",
    "River",
    "SeaLake"
  ],
  "dataset_sizes": {
    "train": 18900,
    "valid": 4050,
    "test": 4050
  },
  "accuracy": 0.9609876543209876,
  "balanced_accuracy": 0.9591333333333333,
  "macro_precision": 0.959828918404155,
  "macro_recall": 0.9591333333333333,
  "macro_f1": 0.9594215266568688,
  "weighted_precision": 0.9611518653053293,
  "weighted_recall": 0.9609876543209876,
  "weighted_f1": 0.9610115346927264
}