{
  "model": "MobileNetV2",
  "method": "transfer_learning_and_fine_tuning",
  "augmentation_type": "geometric",
  "test_loss": 0.12860779464244843,
  "test_accuracy": 0.9577777981758118,
  "feature_validation_loss": 0.21008557081222534,
  "feature_validation_accuracy": 0.9313580393791199,
  "best_feature_val_accuracy": 0.9313580393791199,
  "best_finetune_val_accuracy": 0.9543209671974182,
  "feature_epochs_ran": 14,
  "fine_tune_epochs_ran": 10,
  "feature_training_time_seconds": 819.2845454216003,
  "fine_tuning_time_seconds": 539.8065159320831,
  "total_training_time_seconds": 1359.0910613536835,
  "total_params": 2270794,
  "trainable_params_after_finetuning": 1523530,
  "fine_tune_trainable_layers": 19,
  "num_classes": 10,
  "class_names": [
    "AnnualCrop",
    "Forest",
    "HerbaceousVegetation",
    "Highway",
    "Industrial",
    "Pasture",
    "PermanentCrop",
    "Residential",
    "River",
    "SeaLake"
  ],
  "dataset_sizes": {
    "train": 18900,
    "valid": 4050,
    "test": 4050
  },
  "accuracy": 0.9577777777777777,
  "balanced_accuracy": 0.9561333333333334,
  "macro_precision": 0.9569173652155882,
  "macro_recall": 0.9561333333333334,
  "macro_f1": 0.9563252097421977,
  "weighted_precision": 0.9581331792145817,
  "weighted_recall": 0.9577777777777777,
  "weighted_f1": 0.9577833490666144
}